{
    "__inputs": [
      {
        "name": "DS_PROMETHEUS",
        "label": "Prometheus",
        "description": "",
        "type": "datasource",
        "pluginId": "prometheus",
        "pluginName": "Prometheus"
      }
    ],
    "__requires": [
      {
        "type": "grafana",
        "id": "grafana",
        "name": "Grafana",
        "version": "7.3.6"
      },
      {
        "type": "panel",
        "id": "graph",
        "name": "Graph",
        "version": ""
      },
      {
        "type": "datasource",
        "id": "prometheus",
        "name": "Prometheus",
        "version": "1.0.0"
      },
      {
        "type": "panel",
        "id": "stat",
        "name": "Stat",
        "version": ""
      }
    ],
    "annotations": {
      "list": [
        {
          "builtIn": 1,
          "datasource": "-- Grafana --",
          "enable": true,
          "hide": true,
          "iconColor": "rgba(0, 211, 255, 1)",
          "name": "Annotations & Alerts",
          "type": "dashboard"
        }
      ]
    },
    "editable": true,
    "gnetId": null,
    "graphTooltip": 0,
    "id": null,
    "links": [],
    "panels": [
      {
        "aliasColors": {},
        "bars": false,
        "dashLength": 10,
        "dashes": false,
        "datasource": "${DS_PROMETHEUS}",
        "fieldConfig": {
          "defaults": {
            "custom": {}
          },
          "overrides": []
        },
        "fill": 1,
        "fillGradient": 0,
        "gridPos": {
          "h": 9,
          "w": 10,
          "x": 0,
          "y": 0
        },
        "hiddenSeries": false,
        "id": 4,
        "legend": {
          "avg": false,
          "current": false,
          "max": false,
          "min": false,
          "show": true,
          "total": false,
          "values": false
        },
        "lines": true,
        "linewidth": 1,
        "nullPointMode": "null",
        "options": {
          "alertThreshold": true
        },
        "percentage": false,
        "pluginVersion": "7.3.6",
        "pointradius": 2,
        "points": false,
        "renderer": "flot",
        "seriesOverrides": [],
        "spaceLength": 10,
        "stack": false,
        "steppedLine": false,
        "targets": [
          {
            "expr": "sum(rate(container_cpu_usage_seconds_total{name=~\"monitoring_svc.*\"}[30s])) by (name) / sum(container_spec_cpu_quota{name=~\"monitoring_svc.*\"} / container_spec_cpu_period{name =~\"monitoring_svc.*\"}) by (name) * 100",
            "interval": "",
            "legendFormat": "",
            "refId": "A"
          }
        ],
        "thresholds": [],
        "timeFrom": null,
        "timeRegions": [],
        "timeShift": null,
        "title": "CPU Metrics (in %)",
        "tooltip": {
          "shared": true,
          "sort": 0,
          "value_type": "individual"
        },
        "type": "graph",
        "xaxis": {
          "buckets": null,
          "mode": "time",
          "name": null,
          "show": true,
          "values": []
        },
        "yaxes": [
          {
            "format": "short",
            "label": null,
            "logBase": 1,
            "max": null,
            "min": null,
            "show": true
          },
          {
            "format": "short",
            "label": null,
            "logBase": 1,
            "max": null,
            "min": null,
            "show": true
          }
        ],
        "yaxis": {
          "align": false,
          "alignLevel": null
        }
      },
      {
        "aliasColors": {},
        "bars": false,
        "dashLength": 10,
        "dashes": false,
        "datasource": "${DS_PROMETHEUS}",
        "fieldConfig": {
          "defaults": {
            "custom": {}
          },
          "overrides": []
        },
        "fill": 1,
        "fillGradient": 0,
        "gridPos": {
          "h": 9,
          "w": 9,
          "x": 10,
          "y": 0
        },
        "hiddenSeries": false,
        "id": 6,
        "legend": {
          "avg": false,
          "current": false,
          "max": false,
          "min": false,
          "show": true,
          "total": false,
          "values": false
        },
        "lines": true,
        "linewidth": 1,
        "nullPointMode": "null",
        "options": {
          "alertThreshold": true
        },
        "percentage": false,
        "pluginVersion": "7.3.6",
        "pointradius": 2,
        "points": false,
        "renderer": "flot",
        "seriesOverrides": [],
        "spaceLength": 10,
        "stack": false,
        "steppedLine": false,
        "targets": [
          {
            "expr": "sum(container_memory_usage_bytes{name=~\"monitoring_svc.*\"} / 1024 / 1024) by (name)",
            "interval": "",
            "legendFormat": "",
            "refId": "A"
          }
        ],
        "thresholds": [],
        "timeFrom": null,
        "timeRegions": [],
        "timeShift": null,
        "title": "Memory Metrics (in MB)",
        "tooltip": {
          "shared": true,
          "sort": 0,
          "value_type": "individual"
        },
        "type": "graph",
        "xaxis": {
          "buckets": null,
          "mode": "time",
          "name": null,
          "show": true,
          "values": []
        },
        "yaxes": [
          {
            "format": "short",
            "label": null,
            "logBase": 1,
            "max": null,
            "min": null,
            "show": true
          },
          {
            "format": "short",
            "label": null,
            "logBase": 1,
            "max": null,
            "min": null,
            "show": true
          }
        ],
        "yaxis": {
          "align": false,
          "alignLevel": null
        }
      },
      {
        "datasource": "${DS_PROMETHEUS}",
        "fieldConfig": {
          "defaults": {
            "custom": {},
            "mappings": [],
            "thresholds": {
              "mode": "absolute",
              "steps": [
                {
                  "color": "green",
                  "value": null
                },
                {
                  "color": "red",
                  "value": 80
                }
              ]
            }
          },
          "overrides": []
        },
        "gridPos": {
          "h": 6,
          "w": 5,
          "x": 19,
          "y": 0
        },
        "id": 9,
        "options": {
          "colorMode": "value",
          "graphMode": "area",
          "justifyMode": "auto",
          "orientation": "auto",
          "reduceOptions": {
            "calcs": [
              "mean"
            ],
            "fields": "",
            "values": false
          },
          "textMode": "auto"
        },
        "pluginVersion": "7.3.6",
        "targets": [
          {
            "expr": "sum(rate(container_cpu_usage_seconds_total{name=~\"monitoring_svc.*\"}[30s])) / sum(container_spec_cpu_quota{name=~\"monitoring_svc.*\"} / container_spec_cpu_period{name=~\"monitoring_svc.*\"}) * 100",
            "interval": "",
            "legendFormat": "",
            "refId": "A"
          }
        ],
        "timeFrom": null,
        "timeShift": null,
        "title": "Total CPU Usage (in %)",
        "type": "stat"
      },
      {
        "datasource": "${DS_PROMETHEUS}",
        "fieldConfig": {
          "defaults": {
            "custom": {},
            "mappings": [],
            "thresholds": {
              "mode": "absolute",
              "steps": [
                {
                  "color": "green",
                  "value": null
                },
                {
                  "color": "red",
                  "value": 80
                }
              ]
            }
          },
          "overrides": []
        },
        "gridPos": {
          "h": 6,
          "w": 5,
          "x": 19,
          "y": 6
        },
        "id": 11,
        "options": {
          "colorMode": "value",
          "graphMode": "area",
          "justifyMode": "auto",
          "orientation": "auto",
          "reduceOptions": {
            "calcs": [
              "mean"
            ],
            "fields": "",
            "values": false
          },
          "textMode": "auto"
        },
        "pluginVersion": "7.3.6",
        "targets": [
          {
            "expr": "sum(container_memory_usage_bytes{name=~\"monitoring_svc.*\"} / 1024 / 1024)",
            "interval": "",
            "legendFormat": "",
            "refId": "A"
          }
        ],
        "timeFrom": null,
        "timeShift": null,
        "title": "Total Memory Usage (in MB)",
        "type": "stat"
      },
      {
        "aliasColors": {},
        "bars": false,
        "dashLength": 10,
        "dashes": false,
        "datasource": "${DS_PROMETHEUS}",
        "fieldConfig": {
          "defaults": {
            "custom": {}
          },
          "overrides": []
        },
        "fill": 1,
        "fillGradient": 0,
        "gridPos": {
          "h": 9,
          "w": 10,
          "x": 0,
          "y": 9
        },
        "hiddenSeries": false,
        "id": 2,
        "legend": {
          "avg": false,
          "current": false,
          "max": false,
          "min": false,
          "show": true,
          "total": false,
          "values": false
        },
        "lines": true,
        "linewidth": 1,
        "nullPointMode": "null",
        "options": {
          "alertThreshold": true
        },
        "percentage": false,
        "pluginVersion": "7.3.6",
        "pointradius": 2,
        "points": false,
        "renderer": "flot",
        "seriesOverrides": [],
        "spaceLength": 10,
        "stack": false,
        "steppedLine": false,
        "targets": [
          {
            "expr": "sum(rate(haproxy_backend_http_responses_total{backend=\"math\"}[30s])) by (code)",
            "interval": "",
            "legendFormat": "",
            "refId": "A"
          }
        ],
        "thresholds": [],
        "timeFrom": null,
        "timeRegions": [],
        "timeShift": null,
        "title": "Math HTTP Metrics",
        "tooltip": {
          "shared": true,
          "sort": 0,
          "value_type": "individual"
        },
        "type": "graph",
        "xaxis": {
          "buckets": null,
          "mode": "time",
          "name": null,
          "show": true,
          "values": []
        },
        "yaxes": [
          {
            "format": "short",
            "label": null,
            "logBase": 1,
            "max": null,
            "min": null,
            "show": true
          },
          {
            "format": "short",
            "label": null,
            "logBase": 1,
            "max": null,
            "min": null,
            "show": true
          }
        ],
        "yaxis": {
          "align": false,
          "alignLevel": null
        }
      },
      {
        "aliasColors": {},
        "bars": false,
        "dashLength": 10,
        "dashes": false,
        "datasource": "${DS_PROMETHEUS}",
        "fieldConfig": {
          "defaults": {
            "custom": {}
          },
          "overrides": []
        },
        "fill": 1,
        "fillGradient": 0,
        "gridPos": {
          "h": 9,
          "w": 9,
          "x": 10,
          "y": 9
        },
        "hiddenSeries": false,
        "id": 7,
        "legend": {
          "avg": false,
          "current": false,
          "max": false,
          "min": false,
          "show": true,
          "total": false,
          "values": false
        },
        "lines": true,
        "linewidth": 1,
        "nullPointMode": "null",
        "options": {
          "alertThreshold": true
        },
        "percentage": false,
        "pluginVersion": "7.3.6",
        "pointradius": 2,
        "points": false,
        "renderer": "flot",
        "seriesOverrides": [],
        "spaceLength": 10,
        "stack": false,
        "steppedLine": false,
        "targets": [
          {
            "expr": "sum(rate(haproxy_backend_http_responses_total{backend=\"greeter\"}[30s])) by (code)",
            "interval": "",
            "legendFormat": "",
            "refId": "A"
          }
        ],
        "thresholds": [],
        "timeFrom": null,
        "timeRegions": [],
        "timeShift": null,
        "title": "Greeter HTTP Metrics",
        "tooltip": {
          "shared": true,
          "sort": 0,
          "value_type": "individual"
        },
        "type": "graph",
        "xaxis": {
          "buckets": null,
          "mode": "time",
          "name": null,
          "show": true,
          "values": []
        },
        "yaxes": [
          {
            "format": "short",
            "label": null,
            "logBase": 1,
            "max": null,
            "min": null,
            "show": true
          },
          {
            "format": "short",
            "label": null,
            "logBase": 1,
            "max": null,
            "min": null,
            "show": true
          }
        ],
        "yaxis": {
          "align": false,
          "alignLevel": null
        }
      },
      {
        "datasource": "${DS_PROMETHEUS}",
        "fieldConfig": {
          "defaults": {
            "custom": {},
            "mappings": [],
            "thresholds": {
              "mode": "absolute",
              "steps": [
                {
                  "color": "green",
                  "value": null
                },
                {
                  "color": "red",
                  "value": 80
                }
              ]
            }
          },
          "overrides": []
        },
        "gridPos": {
          "h": 6,
          "w": 5,
          "x": 19,
          "y": 12
        },
        "id": 12,
        "options": {
          "colorMode": "value",
          "graphMode": "area",
          "justifyMode": "auto",
          "orientation": "auto",
          "reduceOptions": {
            "calcs": [
              "mean"
            ],
            "fields": "",
            "values": false
          },
          "textMode": "auto"
        },
        "pluginVersion": "7.3.6",
        "targets": [
          {
            "expr": "sum(rate(haproxy_backend_http_responses_total{backend=\"math\"}[30s])) + sum(rate(haproxy_backend_http_responses_total{backend=\"greeter\"}[30s]))",
            "interval": "",
            "legendFormat": "",
            "refId": "A"
          }
        ],
        "timeFrom": null,
        "timeShift": null,
        "title": "Total Throughput (in req/s)",
        "type": "stat"
      }
    ],
    "refresh": "5s",
    "schemaVersion": 26,
    "style": "dark",
    "tags": [],
    "templating": {
      "list": []
    },
    "time": {
      "from": "now-5m",
      "to": "now"
    },
    "timepicker": {},
    "timezone": "",
    "title": "Monitoring Microservices in Docker",
    "uid": "wKw8k6bMk",
    "version": 4
  }