[{"trial_id": "0006", "score": 0.23788103461265564, "num_hidden_layers": 1, "dense_unit": 32, "dropout_rate": 0.40000000000000013, "learning_rate": 0.001, "tuner/epochs": 5, "tuner/initial_epoch": 2, "tuner/bracket": 1, "tuner/round": 1, "tuner/trial_id": "0000"}, {"trial_id": "0009", "score": 0.23939529061317444, "num_hidden_layers": 3, "dense_unit": 512, "dropout_rate": 0.5500000000000002, "learning_rate": 0.001, "tuner/epochs": 5, "tuner/initial_epoch": 0, "tuner/bracket": 0, "tuner/round": 0}, {"trial_id": "0004", "score": 0.24364684522151947, "num_hidden_layers": 3, "dense_unit": 64, "dropout_rate": 0.15000000000000002, "learning_rate": 0.001, "tuner/epochs": 2, "tuner/initial_epoch": 0, "tuner/bracket": 1, "tuner/round": 0}, {"trial_id": "0005", "score": 0.24499782919883728, "num_hidden_layers": 3, "dense_unit": 64, "dropout_rate": 0.15000000000000002, "learning_rate": 0.001, "tuner/epochs": 5, "tuner/initial_epoch": 2, "tuner/bracket": 1, "tuner/round": 1, "tuner/trial_id": "0004"}, {"trial_id": "0000", "score": 0.24546949565410614, "num_hidden_layers": 1, "dense_unit": 32, "dropout_rate": 0.40000000000000013, "learning_rate": 0.001, "tuner/epochs": 2, "tuner/initial_epoch": 0, "tuner/bracket": 1, "tuner/round": 0}, {"trial_id": "0008", "score": 0.31782209873199463, "num_hidden_layers": 3, "dense_unit": 496, "dropout_rate": 0.15000000000000002, "learning_rate": 5e-06, "tuner/epochs": 5, "tuner/initial_epoch": 0, "tuner/bracket": 0, "tuner/round": 0}, {"trial_id": "0002", "score": 0.33182698488235474, "num_hidden_layers": 3, "dense_unit": 352, "dropout_rate": 0.1, "learning_rate": 1e-05, "tuner/epochs": 2, "tuner/initial_epoch": 0, "tuner/bracket": 1, "tuner/round": 0}, {"trial_id": "0001", "score": 0.35763341188430786, "num_hidden_layers": 3, "dense_unit": 224, "dropout_rate": 0.8000000000000002, "learning_rate": 0.01, "tuner/epochs": 2, "tuner/initial_epoch": 0, "tuner/bracket": 1, "tuner/round": 0}, {"trial_id": "0007", "score": 0.37283965945243835, "num_hidden_layers": 3, "dense_unit": 448, "dropout_rate": 0.7000000000000002, "learning_rate": 1e-06, "tuner/epochs": 5, "tuner/initial_epoch": 0, "tuner/bracket": 0, "tuner/round": 0}, {"trial_id": "0003", "score": 0.43466973304748535, "num_hidden_layers": 3, "dense_unit": 112, "dropout_rate": 0.5500000000000002, "learning_rate": 5e-06, "tuner/epochs": 2, "tuner/initial_epoch": 0, "tuner/bracket": 1, "tuner/round": 0}]