[{"trial_id": "0005", "score": 0.24612487852573395, "num_hidden_layers": 2, "dense_unit": 464, "dropout_rate": 0.7000000000000002, "learning_rate": 0.005, "tuner/epochs": 5, "tuner/initial_epoch": 2, "tuner/bracket": 1, "tuner/round": 1, "tuner/trial_id": "0000"}, {"trial_id": "0006", "score": 0.24648477137088776, "num_hidden_layers": 1, "dense_unit": 336, "dropout_rate": 0.5500000000000002, "learning_rate": 0.0005, "tuner/epochs": 5, "tuner/initial_epoch": 2, "tuner/bracket": 1, "tuner/round": 1, "tuner/trial_id": "0004"}, {"trial_id": "0000", "score": 0.24718312919139862, "num_hidden_layers": 2, "dense_unit": 464, "dropout_rate": 0.7000000000000002, "learning_rate": 0.005, "tuner/epochs": 2, "tuner/initial_epoch": 0, "tuner/bracket": 1, "tuner/round": 0}, {"trial_id": "0009", "score": 0.25318971276283264, "num_hidden_layers": 3, "dense_unit": 224, "dropout_rate": 0.25000000000000006, "learning_rate": 5e-05, "tuner/epochs": 5, "tuner/initial_epoch": 0, "tuner/bracket": 0, "tuner/round": 0}, {"trial_id": "0004", "score": 0.2553062438964844, "num_hidden_layers": 1, "dense_unit": 336, "dropout_rate": 0.5500000000000002, "learning_rate": 0.0005, "tuner/epochs": 2, "tuner/initial_epoch": 0, "tuner/bracket": 1, "tuner/round": 0}, {"trial_id": "0008", "score": 0.266406387090683, "num_hidden_layers": 1, "dense_unit": 432, "dropout_rate": 0.3500000000000001, "learning_rate": 5e-05, "tuner/epochs": 5, "tuner/initial_epoch": 0, "tuner/bracket": 0, "tuner/round": 0}, {"trial_id": "0001", "score": 0.2778662145137787, "num_hidden_layers": 2, "dense_unit": 16, "dropout_rate": 0.15000000000000002, "learning_rate": 0.0005, "tuner/epochs": 2, "tuner/initial_epoch": 0, "tuner/bracket": 1, "tuner/round": 0}, {"trial_id": "0002", "score": 0.32571491599082947, "num_hidden_layers": 3, "dense_unit": 80, "dropout_rate": 0.7000000000000002, "learning_rate": 0.0001, "tuner/epochs": 2, "tuner/initial_epoch": 0, "tuner/bracket": 1, "tuner/round": 0}, {"trial_id": "0003", "score": 0.328479528427124, "num_hidden_layers": 1, "dense_unit": 192, "dropout_rate": 0.3500000000000001, "learning_rate": 5e-05, "tuner/epochs": 2, "tuner/initial_epoch": 0, "tuner/bracket": 1, "tuner/round": 0}, {"trial_id": "0007", "score": 0.37321677803993225, "num_hidden_layers": 3, "dense_unit": 336, "dropout_rate": 0.8000000000000002, "learning_rate": 1e-05, "tuner/epochs": 5, "tuner/initial_epoch": 0, "tuner/bracket": 0, "tuner/round": 0}]